{
  "configVersion": 1,
  "timestamp": 1665608241696,
  "index": "/index.html",
  "assetGroups": [
    {
      "name": "app",
      "installMode": "prefetch",
      "updateMode": "prefetch",
      "cacheQueryOptions": {
        "ignoreVary": true
      },
      "urls": [
        "/1191.6d7c21ea938da42d0569.js",
        "/1228.cc52f1e4c6c1925576ad.js",
        "/1349.d1502e62d848bb45e866.js",
        "/1374.2d3230e230f089601519.js",
        "/1385.c495a39f8d15da852e83.js",
        "/1489.578210204027f182e32c.js",
        "/1518.8ea6db2c65bf8259fca7.js",
        "/1602.e175894c2e695b11db88.js",
        "/1709.7962e2166b24620bbc77.js",
        "/1799.5c349137be26da90b72e.js",
        "/1855.b121fdbe744e0cf3f51d.js",
        "/2191.d25d2927b3a39b8d5ba9.js",
        "/2479.3023a105fb5be6d15918.js",
        "/27.8312155cb4e84dd6643f.js",
        "/2728.e131bcefec120d36a6bc.js",
        "/288.38aeb5c7aadb7741a6d8.js",
        "/305.1c9df4c50957f08323fe.js",
        "/3087.aeb7d15e47c7d8fe7e3a.js",
        "/3122.7c60177023876b4a0ae5.js",
        "/3206.8cef6f2eab0a52ae977c.js",
        "/3527.cfbb652705ca029fd575.js",
        "/3713.42ca7174585c77572b4f.js",
        "/392.2815d982713c3dbe3dd3.js",
        "/4143.22b665814db645d5b8d5.js",
        "/4172.6fbe1b0eb90dc0f98a3e.js",
        "/4195.240f3b228cd341df3d7f.js",
        "/431.12bbfb8ca43b8cd475ed.js",
        "/4355.6c81e17bf7fe4f2ed21c.js",
        "/4436.8a799a367d07d9e6b9cc.js",
        "/4513.f78ce2f1cf0bf15d515a.js",
        "/4694.15e0b4f4ac679ec8e863.js",
        "/4762.af2c60ebef402fcaa86a.js",
        "/4910.42b9e3be7f31c0ebd76a.js",
        "/5043.fb47cdfbe97197f47edd.js",
        "/5174.678d0586e320a7a1ebd9.js",
        "/5277.d59883a5463af55e4840.js",
        "/564.3b95c1fca207320b876c.js",
        "/5650.4dce5e82d0812bdd8bd3.js",
        "/5689.00bed777aceb623734ab.js",
        "/5769.29f31ea35d67b80ee2ba.js",
        "/5823.5dd2b548eec76f93c225.js",
        "/5830.dab4d6133902be301f82.js",
        "/592.dce79382d94e27fdbf81.js",
        "/5952.4e154568cf60aba7b276.js",
        "/6025.6c2c9187e9b5f6eaa5b7.js",
        "/6034.71363edb7c088469b4aa.js",
        "/6108.7245a3cd83d90f81f24f.js",
        "/6164.6299d7d605ad82d6cc46.js",
        "/6272.ef7c497ae8d6c592eee2.js",
        "/6471.2465798f77376153441f.js",
        "/6638.eaf69a2450d7599f7557.js",
        "/6880.a69e1b2b7f75d386cf7a.js",
        "/6911.26c1eb18bb27fb3d247e.js",
        "/7110.8206960db0eb7fdffa5d.js",
        "/7162.bf2ae7d4ae0b5c3d9f24.js",
        "/7321.10ecc8bce1b8bf250f66.js",
        "/7355.d5bad91664f60a756353.js",
        "/7380.e3f93594f158b177cf32.js",
        "/74.cc95eea9307bf5a77278.js",
        "/7509.0fd7aa977aef134c6f4b.js",
        "/7522.cc572bf37dd4960cf6ca.js",
        "/7536.312d12793413ec3b317e.js",
        "/7626.fbf7c9dd735913009711.js",
        "/7757.16d80641ce306bb72c0e.js",
        "/7802.c7be8672d30f260140d0.js",
        "/7895.4a8654ee5d8e71b127ea.js",
        "/7896.229ac24fe642a277534e.js",
        "/7915.76710dc95d275fd9c614.js",
        "/7947.3d7150745d9839b92737.js",
        "/801.b78fc3fa77db13d4a1f1.js",
        "/8056.9a1c22d25d85dea4b416.js",
        "/8359.b0c042b08c942dd6b209.js",
        "/862.cdda72e04b9e69fe2487.js",
        "/8695.3b50e3b37961042a762e.js",
        "/8708.9aa3806bdf68945d286a.js",
        "/8820.01921aaed927b0299a95.js",
        "/8837.df64031fd38e6d446925.js",
        "/8841.9219d0ef4e056728d5f6.js",
        "/9000.c960101800a31bafac69.js",
        "/9072.3ae23f64edbe79265f32.js",
        "/9222.50d42ceabbde949d700a.js",
        "/937.9339f77446643ca3689c.js",
        "/9678.c943b385e410ecf3bd16.js",
        "/971.cffe6ad1abf2363e8f4f.js",
        "/9888.672bef629949fc3a8764.js",
        "/9891.234e91e32f3cad949865.js",
        "/9921.46512f85f054acdc605f.js",
        "/common.f8eaf91989347944927c.js",
        "/index.html",
        "/main.dbf6372da47a27e76207.js",
        "/manifest.webmanifest",
        "/polyfills-core-js.f920306be6a63389bd2d.js",
        "/polyfills-dom.2efd4556079c079c3f54.js",
        "/polyfills.790a88b502c4d0bceba8.js",
        "/runtime.a1e680036ed48a71cc37.js",
        "/scripts.3a7e8cfbe7165b9ebd62.js",
        "/styles.8f1d329311a93f37cdeb.css"
      ],
      "patterns": []
    },
    {
      "name": "assets",
      "installMode": "lazy",
      "updateMode": "prefetch",
      "cacheQueryOptions": {
        "ignoreVary": true
      },
      "urls": [
        "/assets/home/delivery.svg",
        "/assets/home/home.svg",
        "/assets/home/maintenance.png",
        "/assets/home/map.svg",
        "/assets/home/route.png",
        "/assets/icon/favicon.png",
        "/assets/icons/bug.svg",
        "/assets/icons/delivery-box.svg",
        "/assets/icons/delivery-man.svg",
        "/assets/icons/delivery-time.svg",
        "/assets/icons/delivery-truck.svg",
        "/assets/icons/distance.svg",
        "/assets/icons/gmail.svg",
        "/assets/icons/icon-128x128.png",
        "/assets/icons/icon-144x144.png",
        "/assets/icons/icon-152x152.png",
        "/assets/icons/icon-192x192.png",
        "/assets/icons/icon-384x384.png",
        "/assets/icons/icon-512x512.png",
        "/assets/icons/icon-72x72.png",
        "/assets/icons/icon-96x96.png",
        "/assets/icons/location.png",
        "/assets/icons/location.svg",
        "/assets/icons/logo_menu.png",
        "/assets/icons/logout.svg",
        "/assets/icons/shield.svg",
        "/assets/icons/shipped.svg",
        "/assets/icons/shops.png",
        "/assets/icons/store.png",
        "/assets/icons/store.svg",
        "/assets/icons/user-info.svg",
        "/assets/icons/user.svg",
        "/assets/islena.png",
        "/assets/login/islena.png",
        "/assets/login/track.svg",
        "/assets/mapas/drag.svg",
        "/assets/mapas/expand.svg",
        "/assets/mapas/map-marker.svg",
        "/assets/mapas/settings.svg",
        "/assets/png/customer-service.svg",
        "/assets/png/receipt.png",
        "/assets/png/return.svg",
        "/assets/shapes.svg",
        "/assets/test.json"
      ],
      "patterns": []
    }
  ],
  "dataGroups": [],
  "hashTable": {
    "/1191.6d7c21ea938da42d0569.js": "345e7cbdc7d24424f36b8070799e92744190bd2e",
    "/1228.cc52f1e4c6c1925576ad.js": "2a69cb01f2fbf830e0130913a3162f4a18e6af90",
    "/1349.d1502e62d848bb45e866.js": "1ca2c1e4371e49fd393fdd222c70807f8c1addb4",
    "/1374.2d3230e230f089601519.js": "111572476081c9ab3e1e35789638a224163037b2",
    "/1385.c495a39f8d15da852e83.js": "ed5af5b14cd095a8bc700339398cfce4fbfe1cb3",
    "/1489.578210204027f182e32c.js": "4d5fd86af2bffc76005687cf16027348b64e0a78",
    "/1518.8ea6db2c65bf8259fca7.js": "57b1a8f39984c4b029daa836ce169992e394abdf",
    "/1602.e175894c2e695b11db88.js": "637746f60c5a7512519fb319bbaabfe776cd8b46",
    "/1709.7962e2166b24620bbc77.js": "e34682aad5622c92d0ec6d0df188e413251e3e8e",
    "/1799.5c349137be26da90b72e.js": "0410ec4c7f9cc27c8fde34de995156107cf58e97",
    "/1855.b121fdbe744e0cf3f51d.js": "74b1a5c77e5d21f74566811b1ed9019fa21270c4",
    "/2191.d25d2927b3a39b8d5ba9.js": "925258407113015f8663d887e69ff12607aec6dd",
    "/2479.3023a105fb5be6d15918.js": "8fd0413acee1c09eb405f97eee2d730ad936d645",
    "/27.8312155cb4e84dd6643f.js": "9f8039a0ce33526b2c78924e24e2236a23f35a9b",
    "/2728.e131bcefec120d36a6bc.js": "8fe14ec519f43413f1b088f25344c3496ef5aea9",
    "/288.38aeb5c7aadb7741a6d8.js": "bbfaf34ac14d77237558faf39531349a6a1a6a1a",
    "/305.1c9df4c50957f08323fe.js": "2de5f804beae82f272ccf4a1f8dd676d034f827a",
    "/3087.aeb7d15e47c7d8fe7e3a.js": "58adf0c5b5370328b287db1280accaef70b510de",
    "/3122.7c60177023876b4a0ae5.js": "193a59c7cfc8614bf754002b1898df64e434f92c",
    "/3206.8cef6f2eab0a52ae977c.js": "afc2c5e06979cbb6a56b8130ecf5767cef78378d",
    "/3527.cfbb652705ca029fd575.js": "f7b50303ad62a6fa83bbf8096a285f7c6ac9d53b",
    "/3713.42ca7174585c77572b4f.js": "2e02f39f6f55bc7aa08d47ae04ea1a2035e72dc6",
    "/392.2815d982713c3dbe3dd3.js": "ae876782dec21945e79873357456462f9158e469",
    "/4143.22b665814db645d5b8d5.js": "09636cba602ab38d94ade3fa3d6ebbe1b1be4d72",
    "/4172.6fbe1b0eb90dc0f98a3e.js": "581bde4a5bb3a0079ebf005e7663d06eef35dcb2",
    "/4195.240f3b228cd341df3d7f.js": "07876b22fed0292b845ebad009abf8a30a98324b",
    "/431.12bbfb8ca43b8cd475ed.js": "16e5405eab8a8f1a1fb1b08241af095974a3119b",
    "/4355.6c81e17bf7fe4f2ed21c.js": "296ae5a8e20b21f75c0d2373731c1cb9485b160a",
    "/4436.8a799a367d07d9e6b9cc.js": "9b7c1f84886c725d1ccbcd1d8de7ecb989f9b8f7",
    "/4513.f78ce2f1cf0bf15d515a.js": "7a0e187faf3e426dd6d7e149a7d79d87b0812118",
    "/4694.15e0b4f4ac679ec8e863.js": "035a3016cea26a6eccfa28817da19411d1eee964",
    "/4762.af2c60ebef402fcaa86a.js": "a1bf26e570faff8788e583835e800f551c6185c9",
    "/4910.42b9e3be7f31c0ebd76a.js": "88f90709e60da188ab041f12eaf49cc5e323fb2d",
    "/5043.fb47cdfbe97197f47edd.js": "0e91eda5f46c6bc508b6a33e6ae98fce21e74c78",
    "/5174.678d0586e320a7a1ebd9.js": "923595b608d24a2b0d09371352afbb198d0fde0f",
    "/5277.d59883a5463af55e4840.js": "fe4e265950c8ef153191dac92c37f417998e117c",
    "/564.3b95c1fca207320b876c.js": "4474fb6a6e4fc0b83b01668c44dfa9f6997adc07",
    "/5650.4dce5e82d0812bdd8bd3.js": "d6b3df4ac3b53236f26a347c679e2ab1486458e4",
    "/5689.00bed777aceb623734ab.js": "aa0d846d56158a088bcb1098444f5f73b4f4e1d0",
    "/5769.29f31ea35d67b80ee2ba.js": "7d7e214c63daa3b07a2e5b577ea2fcb080d96577",
    "/5823.5dd2b548eec76f93c225.js": "a0bdff78123a27fafb305c6b90a831c462b6fc00",
    "/5830.dab4d6133902be301f82.js": "9d44eb4b89a02fcca6729e4e7418588a9d1a3aa4",
    "/592.dce79382d94e27fdbf81.js": "97fedc55b370addf0f6d1903b075a8a44ff0c88e",
    "/5952.4e154568cf60aba7b276.js": "eb595dceddd15dcf3bd3c79848a2c542469a764d",
    "/6025.6c2c9187e9b5f6eaa5b7.js": "2c0fcb85dc0642ab97651fc34ff65824dae7f6df",
    "/6034.71363edb7c088469b4aa.js": "521189d24e9d5c002dd870ee18a4bac69aee95ba",
    "/6108.7245a3cd83d90f81f24f.js": "546a3887f97b27be1cbdc669d9c51a51d9ff01bd",
    "/6164.6299d7d605ad82d6cc46.js": "e1605441bfc7e2f9a43fe46bfd14eb9228012a03",
    "/6272.ef7c497ae8d6c592eee2.js": "75505897bd5d6bb27472d164311443ad30c2025f",
    "/6471.2465798f77376153441f.js": "cf4e14b000d1f64bef5c76932d31cb6c8fe62cf9",
    "/6638.eaf69a2450d7599f7557.js": "9dbc4382e6a08c6e9f89c0b21bb345f6397d30aa",
    "/6880.a69e1b2b7f75d386cf7a.js": "8c354b6f5bda2938fd657d2e1618ef28798ead1e",
    "/6911.26c1eb18bb27fb3d247e.js": "7048dac32be228b1cbe7900628d93d62a5d3db78",
    "/7110.8206960db0eb7fdffa5d.js": "2a4f0aa77989addd4d08902f2cd29159ad01a18e",
    "/7162.bf2ae7d4ae0b5c3d9f24.js": "809e3adfe2ebef10997fe1f048ec45033dd015eb",
    "/7321.10ecc8bce1b8bf250f66.js": "8f31b6a4d1c46379a8ae7298b243e5063bb70d88",
    "/7355.d5bad91664f60a756353.js": "c17f3517d6fd3104909e0f8fbd09bebd9493d0d9",
    "/7380.e3f93594f158b177cf32.js": "837897795f760173c4829d9b446dd2dd617e395c",
    "/74.cc95eea9307bf5a77278.js": "514038c9e659d081e8f463955688ebc8df7b1cce",
    "/7509.0fd7aa977aef134c6f4b.js": "e630f528700a2e0352b3376f52629016a454f97b",
    "/7522.cc572bf37dd4960cf6ca.js": "8c9dce4764e9c370e09c2c61b2f6090ed370eb4a",
    "/7536.312d12793413ec3b317e.js": "af96be991029f9a3f11ea00d03e551423f0926ed",
    "/7626.fbf7c9dd735913009711.js": "af797d4e3c0b0995f8ca6bdebf4b55a6a3f400a3",
    "/7757.16d80641ce306bb72c0e.js": "363069e38635f69d1501039cdf7d89b7ccc277ae",
    "/7802.c7be8672d30f260140d0.js": "2308307ac796130b12289988b5d979fa68bddcd6",
    "/7895.4a8654ee5d8e71b127ea.js": "82cd22fc8bc63c49dfbe042b5f71346dbc31ec9a",
    "/7896.229ac24fe642a277534e.js": "1b1726290e9b0cff5bb722f83a66fcc47c50d868",
    "/7915.76710dc95d275fd9c614.js": "452c3443166eeed3c17bfa90cc1e0f01a03276f1",
    "/7947.3d7150745d9839b92737.js": "8399b18bfd9d6e261b361606142d3f8fe32680a6",
    "/801.b78fc3fa77db13d4a1f1.js": "696c74c1c566bddad0af5cb8f81035491f1357ab",
    "/8056.9a1c22d25d85dea4b416.js": "6ea6f2b5750ad7340e274aa71c7d10dae83abf7b",
    "/8359.b0c042b08c942dd6b209.js": "5ef7e705b881db31475ad500af4ddac29194ed7c",
    "/862.cdda72e04b9e69fe2487.js": "7ef48c412ddfdf58bc7dbb73feabb005c410d4b4",
    "/8695.3b50e3b37961042a762e.js": "809fa828100bc7177a5b02b70c5a7b069bf26733",
    "/8708.9aa3806bdf68945d286a.js": "8aa0a367750da4a1728bace768640a9d80853415",
    "/8820.01921aaed927b0299a95.js": "e826abf919b4da8793cb0b7ecd76fe769870a4f6",
    "/8837.df64031fd38e6d446925.js": "a1f2cbbb68b4939322ff40e719fadcd8d8747f1a",
    "/8841.9219d0ef4e056728d5f6.js": "24233964461fce4d773569a465e967baad6d0407",
    "/9000.c960101800a31bafac69.js": "ef1f5e219dea7c2d0881a5fcbce2afc87aaef717",
    "/9072.3ae23f64edbe79265f32.js": "5aacb1a6010e3ab7630b0e9df522ddf95d1ca548",
    "/9222.50d42ceabbde949d700a.js": "17490391f83bda2feba23118f121229cfcd88b4d",
    "/937.9339f77446643ca3689c.js": "64503fad61db2246f48c9b00b57b55525e831e48",
    "/9678.c943b385e410ecf3bd16.js": "7ca7c2a639cab60b586d226c23149054bb2a4893",
    "/971.cffe6ad1abf2363e8f4f.js": "453cab834870ae39a9e92d52d5d73709d477df13",
    "/9888.672bef629949fc3a8764.js": "34875efe5e830ff3dbd41df8e191ac6da7238292",
    "/9891.234e91e32f3cad949865.js": "36ceaa1f4ccd05f0b8235746ed5f3e2e1bba4db3",
    "/9921.46512f85f054acdc605f.js": "3b6f22aabb03022414a551aa0560d84b8e98bc97",
    "/assets/home/delivery.svg": "d8dde0fe2dd5413807c5b96bbc94454577bd2f56",
    "/assets/home/home.svg": "4be1d5c151ddd88afb02cbc2b77977d7f70610ca",
    "/assets/home/maintenance.png": "1a785c652c4ea73fc2e293a6b63883b45579ea93",
    "/assets/home/map.svg": "e551ed904e9bc3b6a4092e7b3c3116f46677a8bf",
    "/assets/home/route.png": "173b6926f8ffe3418cfb4c8e9746183556a85664",
    "/assets/icon/favicon.png": "7798b8e0eb61d7375c245af78bbf5c916932bf13",
    "/assets/icons/bug.svg": "a1071e9ed5f1d51ecc4ddf29bed71ed9de93a604",
    "/assets/icons/delivery-box.svg": "360fddb5a104ed28340d854c134ca68ee90ccb71",
    "/assets/icons/delivery-man.svg": "7183857fa767d7345ca4f7da0734edefb754ac14",
    "/assets/icons/delivery-time.svg": "f2d4abf283f528433e132a855fadeaf16e2e463f",
    "/assets/icons/delivery-truck.svg": "1fe825da06df29a81c687e6a58fdcbd271403899",
    "/assets/icons/distance.svg": "5d03dafda533ce30348dcbaf3dddd6dfa9b73ff5",
    "/assets/icons/gmail.svg": "fb844ff4a49aa0ba0e33fa8b653fbce93b699e4a",
    "/assets/icons/icon-128x128.png": "dae3b6ed49bdaf4327b92531d4b5b4a5d30c7532",
    "/assets/icons/icon-144x144.png": "b0bd89982e08f9bd2b642928f5391915b74799a7",
    "/assets/icons/icon-152x152.png": "7479a9477815dfd9668d60f8b3b2fba709b91310",
    "/assets/icons/icon-192x192.png": "1abd80d431a237a853ce38147d8c63752f10933b",
    "/assets/icons/icon-384x384.png": "329749cd6393768d3131ed6304c136b1ca05f2fd",
    "/assets/icons/icon-512x512.png": "559d9c4318b45a1f2b10596bbb4c960fe521dbcc",
    "/assets/icons/icon-72x72.png": "c457e56089a36952cd67156f9996bc4ce54a5ed9",
    "/assets/icons/icon-96x96.png": "3914125a4b445bf111c5627875fc190f560daa41",
    "/assets/icons/location.png": "f708b69345155de0f8094afcc864b9bc394320d0",
    "/assets/icons/location.svg": "ca48e62a2d33083ec9eec0ea76e17c3430ac46da",
    "/assets/icons/logo_menu.png": "cafb113161af0a46a71afcec1c75847308fcaf1b",
    "/assets/icons/logout.svg": "6091e05a08159540b085c721fa580cb3904afc26",
    "/assets/icons/shield.svg": "b9e0051ffeb8c8fa07c10d0af386cf34a0c14bc6",
    "/assets/icons/shipped.svg": "6001ea087894ca67278a86308c17fb8334092be2",
    "/assets/icons/shops.png": "1156b28a3b58151fe2b4adbf820708a9817e66ba",
    "/assets/icons/store.png": "c0f7ecedd3c57072dea932d45f42ca5849934b33",
    "/assets/icons/store.svg": "5322cb776a722b5f6a4be7a3994005a906b70267",
    "/assets/icons/user-info.svg": "cb8c037fa395d3528965563a8b91e3df634fdce0",
    "/assets/icons/user.svg": "8ad958454702a212cb4f4c79c7991ed6ded91795",
    "/assets/islena.png": "06c96bef18c98ef8051ba4dcd1bf5336c4cfb9f4",
    "/assets/login/islena.png": "06c96bef18c98ef8051ba4dcd1bf5336c4cfb9f4",
    "/assets/login/track.svg": "ba43aff6fa0f02da93de80dd6e80b2b1cbc45abd",
    "/assets/mapas/drag.svg": "b03da2d11382f6056255bf0988387dd6f681e28d",
    "/assets/mapas/expand.svg": "d51d8eca587a88b4bcccd96e065102572002a55a",
    "/assets/mapas/map-marker.svg": "2afb7fc999c2e3e1ec87b9cabe28a013c635b383",
    "/assets/mapas/settings.svg": "8ef0f2baff8d3fd63db82d94dc90bda755b83168",
    "/assets/png/customer-service.svg": "f4cc3715dc5481e7609c98482b19298d9c88e510",
    "/assets/png/receipt.png": "890df59c2b7497681076b4f957bcc2e0eb2733c5",
    "/assets/png/return.svg": "dde8b16bb0bd59d032ff6a55b57b62c40e25f868",
    "/assets/shapes.svg": "5413e95adabcb2cb639970051f55e0ddb64ace53",
    "/assets/test.json": "da39a3ee5e6b4b0d3255bfef95601890afd80709",
    "/common.f8eaf91989347944927c.js": "11b65cc784ecfcb318f84fa010cae0d60c6ddd7a",
    "/index.html": "c9fbc271cd26b8d38886766c1d48481bd4f97e2b",
    "/main.dbf6372da47a27e76207.js": "0fd2f10c6859d2b583377946db8779c6b51582df",
    "/manifest.webmanifest": "9a088b7c4339228d1082e666ce105dc889bc180c",
    "/polyfills-core-js.f920306be6a63389bd2d.js": "611c819a535f5ba8e8076ff9529a0561c028c06a",
    "/polyfills-dom.2efd4556079c079c3f54.js": "2fbc1f9d0466442f470271f630830a61dfc0a424",
    "/polyfills.790a88b502c4d0bceba8.js": "d1ecdaa810794ccf6e1bd93d69a3e3f3e55f31fc",
    "/runtime.a1e680036ed48a71cc37.js": "65c24c8e0fe0ce64d0aaef129e837c1ec8d036f9",
    "/scripts.3a7e8cfbe7165b9ebd62.js": "c2ca5c1e5c2af3911440f915c30ae4d4876292e8",
    "/styles.8f1d329311a93f37cdeb.css": "59b446e13b57d772ba0161643a457c85e48ad16a"
  },
  "navigationUrls": [
    {
      "positive": true,
      "regex": "^\\/.*$"
    },
    {
      "positive": false,
      "regex": "^\\/(?:.+\\/)?[^/]*\\.[^/]*$"
    },
    {
      "positive": false,
      "regex": "^\\/(?:.+\\/)?[^/]*__[^/]*$"
    },
    {
      "positive": false,
      "regex": "^\\/(?:.+\\/)?[^/]*__[^/]*\\/.*$"
    }
  ],
  "navigationRequestStrategy": "performance"
}