{
  "configVersion": 1,
  "timestamp": 1678237729506,
  "index": "/index.html",
  "assetGroups": [
    {
      "name": "app",
      "installMode": "prefetch",
      "updateMode": "prefetch",
      "cacheQueryOptions": {
        "ignoreVary": true
      },
      "urls": [
        "/1139.d719f5feaf819738ffdd.js",
        "/1146.234183da7d963152e3c9.js",
        "/1191.1206440fbf2d19ca23d2.js",
        "/1274.5d3e7004a75fa3eb72a7.js",
        "/1320.bff59d5cc525fd238d21.js",
        "/1349.d1502e62d848bb45e866.js",
        "/1374.2d3230e230f089601519.js",
        "/1385.50f81a053b5f9c9e8434.js",
        "/1489.578210204027f182e32c.js",
        "/1518.8ea6db2c65bf8259fca7.js",
        "/1563.54bd230a9f65df311639.js",
        "/1575.8abc8a70b94c9ed8a263.js",
        "/1581.3dcc9cb26dadb1b34846.js",
        "/1602.e175894c2e695b11db88.js",
        "/1709.7962e2166b24620bbc77.js",
        "/1855.b121fdbe744e0cf3f51d.js",
        "/2191.d25d2927b3a39b8d5ba9.js",
        "/2236.fd0c5bea71b0811c65e7.js",
        "/2479.afd636dc71ac02f18b3c.js",
        "/27.8312155cb4e84dd6643f.js",
        "/2728.4c60a03996b7a0c61827.js",
        "/305.1c9df4c50957f08323fe.js",
        "/3087.aeb7d15e47c7d8fe7e3a.js",
        "/3122.7c60177023876b4a0ae5.js",
        "/3527.cfbb652705ca029fd575.js",
        "/3713.f1a3009eaded5b0b469d.js",
        "/392.2815d982713c3dbe3dd3.js",
        "/4143.22b665814db645d5b8d5.js",
        "/4172.a65f52ffa29a4eba26f3.js",
        "/4195.240f3b228cd341df3d7f.js",
        "/431.12bbfb8ca43b8cd475ed.js",
        "/4347.4ee0d4c81f90039dbaa0.js",
        "/4355.6c81e17bf7fe4f2ed21c.js",
        "/4417.f4174919305d4522df36.js",
        "/4436.8a799a367d07d9e6b9cc.js",
        "/4513.f78ce2f1cf0bf15d515a.js",
        "/4694.15e0b4f4ac679ec8e863.js",
        "/4762.d016c178790f5c7c1e14.js",
        "/4910.9f250ddee2cbc15d1fc3.js",
        "/5043.fb47cdfbe97197f47edd.js",
        "/505.0416d2ac7e74f50dac19.js",
        "/5110.44edf38e2ae93aaf1471.js",
        "/5174.678d0586e320a7a1ebd9.js",
        "/5234.ea9ea5e4c8f25e7e0de8.js",
        "/5277.d59883a5463af55e4840.js",
        "/564.cbbca30066cb0aa9de6b.js",
        "/5689.b3d1ac127a47717218e9.js",
        "/5713.a5ebfc6207e991e66159.js",
        "/5830.dab4d6133902be301f82.js",
        "/5875.d8f656f866d75a8234b5.js",
        "/592.dce79382d94e27fdbf81.js",
        "/5952.ba0cf362a3b9d48454a9.js",
        "/6005.2d6e93a4c4d745352a20.js",
        "/6034.71363edb7c088469b4aa.js",
        "/6108.7245a3cd83d90f81f24f.js",
        "/6164.6299d7d605ad82d6cc46.js",
        "/6272.ef7c497ae8d6c592eee2.js",
        "/6405.6822b05cf29cb98ecb79.js",
        "/6421.cc36d7e212e2055ae364.js",
        "/6911.26c1eb18bb27fb3d247e.js",
        "/6940.caf4761533c598a0840e.js",
        "/7110.8206960db0eb7fdffa5d.js",
        "/7162.bf2ae7d4ae0b5c3d9f24.js",
        "/7321.10ecc8bce1b8bf250f66.js",
        "/7355.d5f53ebc85d264b36438.js",
        "/7509.0fd7aa977aef134c6f4b.js",
        "/7522.d41016aaa94e99e0ecd8.js",
        "/7689.981312db1aedf0c8b151.js",
        "/7757.16d80641ce306bb72c0e.js",
        "/7802.c7be8672d30f260140d0.js",
        "/7895.4a8654ee5d8e71b127ea.js",
        "/7896.229ac24fe642a277534e.js",
        "/7915.76710dc95d275fd9c614.js",
        "/7947.93ce4b0c72564ef4cbc8.js",
        "/801.b78fc3fa77db13d4a1f1.js",
        "/8052.6250f49ca8959c191f5d.js",
        "/8056.9a1c22d25d85dea4b416.js",
        "/8190.815abf970e6003d3ddd2.js",
        "/8359.b0c042b08c942dd6b209.js",
        "/862.cdda72e04b9e69fe2487.js",
        "/8695.3b50e3b37961042a762e.js",
        "/8708.9aa3806bdf68945d286a.js",
        "/8820.01921aaed927b0299a95.js",
        "/8837.df64031fd38e6d446925.js",
        "/8841.ac0d3c5ab1881ec994b7.js",
        "/9072.3ae23f64edbe79265f32.js",
        "/9083.9377d060d37781d5c689.js",
        "/9222.50d42ceabbde949d700a.js",
        "/937.9339f77446643ca3689c.js",
        "/9548.7f2d71ae22cc8ddfcb83.js",
        "/9678.be880ea8b376dcf4ffb1.js",
        "/9834.69d1e84e7e0620edb9b3.js",
        "/9888.62dea1353cdb350e3ea8.js",
        "/9921.46512f85f054acdc605f.js",
        "/common.33bcfadfbcdd419d5ab1.js",
        "/index.html",
        "/main.46bf1d524c3229c67110.js",
        "/manifest.webmanifest",
        "/polyfills-core-js.f920306be6a63389bd2d.js",
        "/polyfills-dom.2efd4556079c079c3f54.js",
        "/polyfills.75e3fb5e3f468a1ee223.js",
        "/runtime.1b3a86983b553d7aa3fe.js",
        "/scripts.3a7e8cfbe7165b9ebd62.js",
        "/styles.f1adb955034c35f5e755.css"
      ],
      "patterns": []
    },
    {
      "name": "assets",
      "installMode": "lazy",
      "updateMode": "prefetch",
      "cacheQueryOptions": {
        "ignoreVary": true
      },
      "urls": [
        "/assets/data/companies.json",
        "/assets/home/background.svg",
        "/assets/home/delivery.svg",
        "/assets/home/home.svg",
        "/assets/home/liquidaciones.svg",
        "/assets/home/maintenance.png",
        "/assets/home/map.svg",
        "/assets/home/route.png",
        "/assets/home/setting.svg",
        "/assets/icon/favicon.png",
        "/assets/iconos/logistics.svg",
        "/assets/iconos/search.svg",
        "/assets/icons/.png",
        "/assets/icons/bug.svg",
        "/assets/icons/delivery-box.svg",
        "/assets/icons/delivery-man.svg",
        "/assets/icons/delivery-time.svg",
        "/assets/icons/delivery-truck.svg",
        "/assets/icons/distance.svg",
        "/assets/icons/gmail.svg",
        "/assets/icons/icon-128x128.png",
        "/assets/icons/icon-144x144.png",
        "/assets/icons/icon-152x152.png",
        "/assets/icons/icon-192x192.png",
        "/assets/icons/icon-384x384.png",
        "/assets/icons/icon-512x512.png",
        "/assets/icons/icon-72x72.png",
        "/assets/icons/icon-96x96.png",
        "/assets/icons/location.png",
        "/assets/icons/location.svg",
        "/assets/icons/logo_menu.png",
        "/assets/icons/logo_menu2.png",
        "/assets/icons/logout.svg",
        "/assets/icons/process.svg",
        "/assets/icons/shield.svg",
        "/assets/icons/shipped.svg",
        "/assets/icons/shops.png",
        "/assets/icons/store.png",
        "/assets/icons/store.svg",
        "/assets/icons/user-info.svg",
        "/assets/icons/user.svg",
        "/assets/icons/wine.svg",
        "/assets/islena.png",
        "/assets/login/islena.png",
        "/assets/login/track.svg",
        "/assets/mapas/drag.svg",
        "/assets/mapas/expand.svg",
        "/assets/mapas/map-marker.svg",
        "/assets/mapas/settings.svg",
        "/assets/png/customer-service.svg",
        "/assets/png/receipt.png",
        "/assets/png/return.svg",
        "/assets/shapes.svg",
        "/assets/svgs/delivery-truck.svg",
        "/assets/svgs/search.svg",
        "/assets/test.json"
      ],
      "patterns": []
    }
  ],
  "dataGroups": [],
  "hashTable": {
    "/1139.d719f5feaf819738ffdd.js": "c2bd2f27927d621b1354bdaa66ef313e614fb2eb",
    "/1146.234183da7d963152e3c9.js": "d7770b21244bccbd962f57327580e66e991f5a3e",
    "/1191.1206440fbf2d19ca23d2.js": "d3b26bf6f478cf0ca8b56cf9df7f540d4e80de91",
    "/1274.5d3e7004a75fa3eb72a7.js": "a218e1f65df9eab919944e3f91ed8461fd70209b",
    "/1320.bff59d5cc525fd238d21.js": "0d899b21bad4b039be140fa60471bc25e76f269e",
    "/1349.d1502e62d848bb45e866.js": "1ca2c1e4371e49fd393fdd222c70807f8c1addb4",
    "/1374.2d3230e230f089601519.js": "111572476081c9ab3e1e35789638a224163037b2",
    "/1385.50f81a053b5f9c9e8434.js": "900f69edb3bd9a5da1716248d0c02ec1a1ee1665",
    "/1489.578210204027f182e32c.js": "4d5fd86af2bffc76005687cf16027348b64e0a78",
    "/1518.8ea6db2c65bf8259fca7.js": "57b1a8f39984c4b029daa836ce169992e394abdf",
    "/1563.54bd230a9f65df311639.js": "f3cc59a085311ff4d8a0ee303d499d77aefbb633",
    "/1575.8abc8a70b94c9ed8a263.js": "45fdd084082ab2bb1a07d06fcecb019d05f9983d",
    "/1581.3dcc9cb26dadb1b34846.js": "f8a2e889ce74c65f01f4478b33a961ac147bf6fd",
    "/1602.e175894c2e695b11db88.js": "637746f60c5a7512519fb319bbaabfe776cd8b46",
    "/1709.7962e2166b24620bbc77.js": "e34682aad5622c92d0ec6d0df188e413251e3e8e",
    "/1855.b121fdbe744e0cf3f51d.js": "74b1a5c77e5d21f74566811b1ed9019fa21270c4",
    "/2191.d25d2927b3a39b8d5ba9.js": "925258407113015f8663d887e69ff12607aec6dd",
    "/2236.fd0c5bea71b0811c65e7.js": "82ad27db34122a4aee045d1c6286ca17b89eda68",
    "/2479.afd636dc71ac02f18b3c.js": "8fd0413acee1c09eb405f97eee2d730ad936d645",
    "/27.8312155cb4e84dd6643f.js": "9f8039a0ce33526b2c78924e24e2236a23f35a9b",
    "/2728.4c60a03996b7a0c61827.js": "ab6b6a8b250ff2b8c0d93c30ab896ac5755589e1",
    "/305.1c9df4c50957f08323fe.js": "2de5f804beae82f272ccf4a1f8dd676d034f827a",
    "/3087.aeb7d15e47c7d8fe7e3a.js": "58adf0c5b5370328b287db1280accaef70b510de",
    "/3122.7c60177023876b4a0ae5.js": "193a59c7cfc8614bf754002b1898df64e434f92c",
    "/3527.cfbb652705ca029fd575.js": "f7b50303ad62a6fa83bbf8096a285f7c6ac9d53b",
    "/3713.f1a3009eaded5b0b469d.js": "7dce1bf76071eec1a41375cb1a677863fb7a9425",
    "/392.2815d982713c3dbe3dd3.js": "ae876782dec21945e79873357456462f9158e469",
    "/4143.22b665814db645d5b8d5.js": "09636cba602ab38d94ade3fa3d6ebbe1b1be4d72",
    "/4172.a65f52ffa29a4eba26f3.js": "d479ac2e386877ca0475173b4926aeb7cd40b24b",
    "/4195.240f3b228cd341df3d7f.js": "07876b22fed0292b845ebad009abf8a30a98324b",
    "/431.12bbfb8ca43b8cd475ed.js": "16e5405eab8a8f1a1fb1b08241af095974a3119b",
    "/4347.4ee0d4c81f90039dbaa0.js": "75ec316ee07cb9f7e8843504606d3b13de159ed5",
    "/4355.6c81e17bf7fe4f2ed21c.js": "296ae5a8e20b21f75c0d2373731c1cb9485b160a",
    "/4417.f4174919305d4522df36.js": "94c2730852cc96b7029d0acf3cc94af3bb1dad2f",
    "/4436.8a799a367d07d9e6b9cc.js": "9b7c1f84886c725d1ccbcd1d8de7ecb989f9b8f7",
    "/4513.f78ce2f1cf0bf15d515a.js": "7a0e187faf3e426dd6d7e149a7d79d87b0812118",
    "/4694.15e0b4f4ac679ec8e863.js": "035a3016cea26a6eccfa28817da19411d1eee964",
    "/4762.d016c178790f5c7c1e14.js": "7c4c200070521687fd1b65118211489e7ce2fd7d",
    "/4910.9f250ddee2cbc15d1fc3.js": "8eb6a5ca1d7e6b312279153d56f8d11da0be3452",
    "/5043.fb47cdfbe97197f47edd.js": "0e91eda5f46c6bc508b6a33e6ae98fce21e74c78",
    "/505.0416d2ac7e74f50dac19.js": "d6d4121773e84d9eab486d209e920e9f08ffa5b0",
    "/5110.44edf38e2ae93aaf1471.js": "064093f922bfb90288ceaac317fbe2f4aee63dba",
    "/5174.678d0586e320a7a1ebd9.js": "923595b608d24a2b0d09371352afbb198d0fde0f",
    "/5234.ea9ea5e4c8f25e7e0de8.js": "15d59f23291afae960da9c3f0003d884f56f313c",
    "/5277.d59883a5463af55e4840.js": "fe4e265950c8ef153191dac92c37f417998e117c",
    "/564.cbbca30066cb0aa9de6b.js": "492e3a908a4968699500beef78d7313912e7c8cd",
    "/5689.b3d1ac127a47717218e9.js": "9e6e48671f0b5f336971f1aa19c32e5586cb0cfd",
    "/5713.a5ebfc6207e991e66159.js": "c3c55f2da0eaf611f16f068ae2db2c6a165a09ec",
    "/5830.dab4d6133902be301f82.js": "9d44eb4b89a02fcca6729e4e7418588a9d1a3aa4",
    "/5875.d8f656f866d75a8234b5.js": "3d7f61d63724751e656d11ac6ff94379c4671a01",
    "/592.dce79382d94e27fdbf81.js": "97fedc55b370addf0f6d1903b075a8a44ff0c88e",
    "/5952.ba0cf362a3b9d48454a9.js": "eb595dceddd15dcf3bd3c79848a2c542469a764d",
    "/6005.2d6e93a4c4d745352a20.js": "1fe407aa1b8db3bfaf95109502f09bbf5cb5fc10",
    "/6034.71363edb7c088469b4aa.js": "521189d24e9d5c002dd870ee18a4bac69aee95ba",
    "/6108.7245a3cd83d90f81f24f.js": "546a3887f97b27be1cbdc669d9c51a51d9ff01bd",
    "/6164.6299d7d605ad82d6cc46.js": "e1605441bfc7e2f9a43fe46bfd14eb9228012a03",
    "/6272.ef7c497ae8d6c592eee2.js": "75505897bd5d6bb27472d164311443ad30c2025f",
    "/6405.6822b05cf29cb98ecb79.js": "58ba202eccb8fdc07dee902f27243692e570331a",
    "/6421.cc36d7e212e2055ae364.js": "7483fbd2eaaa795dde938c1cf69db4e634543e83",
    "/6911.26c1eb18bb27fb3d247e.js": "7048dac32be228b1cbe7900628d93d62a5d3db78",
    "/6940.caf4761533c598a0840e.js": "7f4dcbaf6a42d6dd930d343b5a243d3c47d439f8",
    "/7110.8206960db0eb7fdffa5d.js": "2a4f0aa77989addd4d08902f2cd29159ad01a18e",
    "/7162.bf2ae7d4ae0b5c3d9f24.js": "809e3adfe2ebef10997fe1f048ec45033dd015eb",
    "/7321.10ecc8bce1b8bf250f66.js": "8f31b6a4d1c46379a8ae7298b243e5063bb70d88",
    "/7355.d5f53ebc85d264b36438.js": "c17f3517d6fd3104909e0f8fbd09bebd9493d0d9",
    "/7509.0fd7aa977aef134c6f4b.js": "e630f528700a2e0352b3376f52629016a454f97b",
    "/7522.d41016aaa94e99e0ecd8.js": "e4eaa46bbbd6b72142b29d8f8e8488743699ff5d",
    "/7689.981312db1aedf0c8b151.js": "130649fd936b1849aaddbd07d6ef1b8f6b640cc6",
    "/7757.16d80641ce306bb72c0e.js": "363069e38635f69d1501039cdf7d89b7ccc277ae",
    "/7802.c7be8672d30f260140d0.js": "2308307ac796130b12289988b5d979fa68bddcd6",
    "/7895.4a8654ee5d8e71b127ea.js": "82cd22fc8bc63c49dfbe042b5f71346dbc31ec9a",
    "/7896.229ac24fe642a277534e.js": "1b1726290e9b0cff5bb722f83a66fcc47c50d868",
    "/7915.76710dc95d275fd9c614.js": "452c3443166eeed3c17bfa90cc1e0f01a03276f1",
    "/7947.93ce4b0c72564ef4cbc8.js": "b4f502285a8e8e016753bf2fe3532049c4faa1a3",
    "/801.b78fc3fa77db13d4a1f1.js": "696c74c1c566bddad0af5cb8f81035491f1357ab",
    "/8052.6250f49ca8959c191f5d.js": "fd7d682b64a01269b694fe049f3f735cd8c92d3e",
    "/8056.9a1c22d25d85dea4b416.js": "6ea6f2b5750ad7340e274aa71c7d10dae83abf7b",
    "/8190.815abf970e6003d3ddd2.js": "79b3a5853e1f5390c11000109519c18b56794fea",
    "/8359.b0c042b08c942dd6b209.js": "5ef7e705b881db31475ad500af4ddac29194ed7c",
    "/862.cdda72e04b9e69fe2487.js": "7ef48c412ddfdf58bc7dbb73feabb005c410d4b4",
    "/8695.3b50e3b37961042a762e.js": "809fa828100bc7177a5b02b70c5a7b069bf26733",
    "/8708.9aa3806bdf68945d286a.js": "8aa0a367750da4a1728bace768640a9d80853415",
    "/8820.01921aaed927b0299a95.js": "e826abf919b4da8793cb0b7ecd76fe769870a4f6",
    "/8837.df64031fd38e6d446925.js": "a1f2cbbb68b4939322ff40e719fadcd8d8747f1a",
    "/8841.ac0d3c5ab1881ec994b7.js": "24233964461fce4d773569a465e967baad6d0407",
    "/9072.3ae23f64edbe79265f32.js": "5aacb1a6010e3ab7630b0e9df522ddf95d1ca548",
    "/9083.9377d060d37781d5c689.js": "0ae9f3763e99dff71b175f51eb114581da398faa",
    "/9222.50d42ceabbde949d700a.js": "17490391f83bda2feba23118f121229cfcd88b4d",
    "/937.9339f77446643ca3689c.js": "64503fad61db2246f48c9b00b57b55525e831e48",
    "/9548.7f2d71ae22cc8ddfcb83.js": "6bbd2ecb72ac859f8d284e5309b89ae5fa8e79d1",
    "/9678.be880ea8b376dcf4ffb1.js": "7ca7c2a639cab60b586d226c23149054bb2a4893",
    "/9834.69d1e84e7e0620edb9b3.js": "82662931a3580923fe54387f26326479efdbd400",
    "/9888.62dea1353cdb350e3ea8.js": "609a787eb945b0760548351b201f40aa01754eea",
    "/9921.46512f85f054acdc605f.js": "3b6f22aabb03022414a551aa0560d84b8e98bc97",
    "/assets/data/companies.json": "a52a7b0100b08ac0a2d31bf5f3896db2b57cddf0",
    "/assets/home/background.svg": "e8981785e6ba9973218828b811498147ed7fd00f",
    "/assets/home/delivery.svg": "4dfd45f677c5e9144965b956fd6479aeaf471cea",
    "/assets/home/home.svg": "2d9ddbf6e56246b8dae19292bd2628e012709ca4",
    "/assets/home/liquidaciones.svg": "f5c84f5c892ffa41bdcf0261b0e9a3fd416e0097",
    "/assets/home/maintenance.png": "1a785c652c4ea73fc2e293a6b63883b45579ea93",
    "/assets/home/map.svg": "5bcbbe833a3492e04697d76c105593ed7d6e1f12",
    "/assets/home/route.png": "173b6926f8ffe3418cfb4c8e9746183556a85664",
    "/assets/home/setting.svg": "7acb8b35910d75e230df40afda9b645e239f5100",
    "/assets/icon/favicon.png": "7798b8e0eb61d7375c245af78bbf5c916932bf13",
    "/assets/iconos/logistics.svg": "8d15e69a0fd4e46d8ab8e12dfe134d52f539166c",
    "/assets/iconos/search.svg": "9cda1be1c7ab695c2ff5eeb7838bd285031a0cae",
    "/assets/icons/.png": "ed44afd478c176a28505feef16f37763cb2957a4",
    "/assets/icons/bug.svg": "a1071e9ed5f1d51ecc4ddf29bed71ed9de93a604",
    "/assets/icons/delivery-box.svg": "360fddb5a104ed28340d854c134ca68ee90ccb71",
    "/assets/icons/delivery-man.svg": "7183857fa767d7345ca4f7da0734edefb754ac14",
    "/assets/icons/delivery-time.svg": "f2d4abf283f528433e132a855fadeaf16e2e463f",
    "/assets/icons/delivery-truck.svg": "bba8c7832c45c5f3538f009dc3deb4f0d14ea693",
    "/assets/icons/distance.svg": "5d03dafda533ce30348dcbaf3dddd6dfa9b73ff5",
    "/assets/icons/gmail.svg": "cf7e34ca04339f49843a35f2ebadf40cf7e18e83",
    "/assets/icons/icon-128x128.png": "dae3b6ed49bdaf4327b92531d4b5b4a5d30c7532",
    "/assets/icons/icon-144x144.png": "b0bd89982e08f9bd2b642928f5391915b74799a7",
    "/assets/icons/icon-152x152.png": "7479a9477815dfd9668d60f8b3b2fba709b91310",
    "/assets/icons/icon-192x192.png": "1abd80d431a237a853ce38147d8c63752f10933b",
    "/assets/icons/icon-384x384.png": "329749cd6393768d3131ed6304c136b1ca05f2fd",
    "/assets/icons/icon-512x512.png": "559d9c4318b45a1f2b10596bbb4c960fe521dbcc",
    "/assets/icons/icon-72x72.png": "c457e56089a36952cd67156f9996bc4ce54a5ed9",
    "/assets/icons/icon-96x96.png": "3914125a4b445bf111c5627875fc190f560daa41",
    "/assets/icons/location.png": "f708b69345155de0f8094afcc864b9bc394320d0",
    "/assets/icons/location.svg": "ca48e62a2d33083ec9eec0ea76e17c3430ac46da",
    "/assets/icons/logo_menu.png": "cece0180ed24651bb3ceea0fad06343ab245bc94",
    "/assets/icons/logo_menu2.png": "cafb113161af0a46a71afcec1c75847308fcaf1b",
    "/assets/icons/logout.svg": "565c10c597eced447beb691a899144bd0f20ac63",
    "/assets/icons/process.svg": "cab9019f0b0bbb97033391354f5e4cf494de2850",
    "/assets/icons/shield.svg": "8d7ae0a24309ac042162ee677b0671bc484abca9",
    "/assets/icons/shipped.svg": "6001ea087894ca67278a86308c17fb8334092be2",
    "/assets/icons/shops.png": "1156b28a3b58151fe2b4adbf820708a9817e66ba",
    "/assets/icons/store.png": "c0f7ecedd3c57072dea932d45f42ca5849934b33",
    "/assets/icons/store.svg": "3d100d543371e1ada84299279e4b2c21291b0f2e",
    "/assets/icons/user-info.svg": "cb8c037fa395d3528965563a8b91e3df634fdce0",
    "/assets/icons/user.svg": "c0841b05c1616182581a9e8ba360ee93795ebfd3",
    "/assets/icons/wine.svg": "c7896332798000a74976477d2a39842b1fb4739d",
    "/assets/islena.png": "06c96bef18c98ef8051ba4dcd1bf5336c4cfb9f4",
    "/assets/login/islena.png": "06c96bef18c98ef8051ba4dcd1bf5336c4cfb9f4",
    "/assets/login/track.svg": "ba43aff6fa0f02da93de80dd6e80b2b1cbc45abd",
    "/assets/mapas/drag.svg": "a8513a52ca72218580c34768f9634c58f62e609c",
    "/assets/mapas/expand.svg": "d51d8eca587a88b4bcccd96e065102572002a55a",
    "/assets/mapas/map-marker.svg": "2afb7fc999c2e3e1ec87b9cabe28a013c635b383",
    "/assets/mapas/settings.svg": "8ef0f2baff8d3fd63db82d94dc90bda755b83168",
    "/assets/png/customer-service.svg": "a785fb20cf594e3be0b3b34691e558428faa4da7",
    "/assets/png/receipt.png": "890df59c2b7497681076b4f957bcc2e0eb2733c5",
    "/assets/png/return.svg": "dde8b16bb0bd59d032ff6a55b57b62c40e25f868",
    "/assets/shapes.svg": "638f87e27e6fc7ddfd6e6b262ea70d690f6c7011",
    "/assets/svgs/delivery-truck.svg": "dbb00b5f64d4b4585c6096d8120c7b4491684eed",
    "/assets/svgs/search.svg": "0a9343fe973589bc6519919925f5d89dcf36e4a5",
    "/assets/test.json": "da39a3ee5e6b4b0d3255bfef95601890afd80709",
    "/common.33bcfadfbcdd419d5ab1.js": "8fa570186e755e6dcd5633b1e86063c8e0133dc2",
    "/index.html": "b5298aec441039a860c59a4a1a7c93be1004eb4a",
    "/main.46bf1d524c3229c67110.js": "bcad0e1a66164a7f7e610e1f827c999ce72e4847",
    "/manifest.webmanifest": "da2061dba175bf2d881980e8596ff5343e2dd7b6",
    "/polyfills-core-js.f920306be6a63389bd2d.js": "611c819a535f5ba8e8076ff9529a0561c028c06a",
    "/polyfills-dom.2efd4556079c079c3f54.js": "2fbc1f9d0466442f470271f630830a61dfc0a424",
    "/polyfills.75e3fb5e3f468a1ee223.js": "d1ecdaa810794ccf6e1bd93d69a3e3f3e55f31fc",
    "/runtime.1b3a86983b553d7aa3fe.js": "b6963ac179c3420f669c516be26b71d44e3ba5b6",
    "/scripts.3a7e8cfbe7165b9ebd62.js": "c2ca5c1e5c2af3911440f915c30ae4d4876292e8",
    "/styles.f1adb955034c35f5e755.css": "e5cc83739bd6d8a857b503d7ac1a566e76a1e84a"
  },
  "navigationUrls": [
    {
      "positive": true,
      "regex": "^\\/.*$"
    },
    {
      "positive": false,
      "regex": "^\\/(?:.+\\/)?[^/]*\\.[^/]*$"
    },
    {
      "positive": false,
      "regex": "^\\/(?:.+\\/)?[^/]*__[^/]*$"
    },
    {
      "positive": false,
      "regex": "^\\/(?:.+\\/)?[^/]*__[^/]*\\/.*$"
    }
  ],
  "navigationRequestStrategy": "performance"
}