{
  "configVersion": 1,
  "timestamp": 1667429317541,
  "index": "/index.html",
  "assetGroups": [
    {
      "name": "app",
      "installMode": "prefetch",
      "updateMode": "prefetch",
      "cacheQueryOptions": {
        "ignoreVary": true
      },
      "urls": [
        "/1191.212dbcfb96d9de204e56.js",
        "/1228.73f4453d43f23ecc5495.js",
        "/1349.d1502e62d848bb45e866.js",
        "/1374.2d3230e230f089601519.js",
        "/1385.35db0c9e0dca83e29359.js",
        "/1489.578210204027f182e32c.js",
        "/151.14949d26af59d0380579.js",
        "/1518.8ea6db2c65bf8259fca7.js",
        "/1602.e175894c2e695b11db88.js",
        "/1700.5a37340dd91176b39ebf.js",
        "/1709.7962e2166b24620bbc77.js",
        "/1799.aecdfe9045276eb9b88e.js",
        "/1855.b121fdbe744e0cf3f51d.js",
        "/2191.d25d2927b3a39b8d5ba9.js",
        "/27.8312155cb4e84dd6643f.js",
        "/2728.2204bf46070f03e81d2f.js",
        "/288.065817fb2ba0a7073925.js",
        "/305.1c9df4c50957f08323fe.js",
        "/3087.aeb7d15e47c7d8fe7e3a.js",
        "/3122.7c60177023876b4a0ae5.js",
        "/3206.21372e2fd6eec00035d3.js",
        "/3387.9d21df81d4d0bbd532b8.js",
        "/3527.cfbb652705ca029fd575.js",
        "/3713.b375354c9f46ee16848e.js",
        "/392.2815d982713c3dbe3dd3.js",
        "/4143.22b665814db645d5b8d5.js",
        "/4172.32d107986da5dbefc346.js",
        "/4195.240f3b228cd341df3d7f.js",
        "/431.12bbfb8ca43b8cd475ed.js",
        "/4347.21462160e285ed1ffbc8.js",
        "/4355.6c81e17bf7fe4f2ed21c.js",
        "/4436.8a799a367d07d9e6b9cc.js",
        "/4513.f78ce2f1cf0bf15d515a.js",
        "/4694.15e0b4f4ac679ec8e863.js",
        "/4762.f9318416f3251f4cda6c.js",
        "/5043.fb47cdfbe97197f47edd.js",
        "/5174.678d0586e320a7a1ebd9.js",
        "/5234.ea9ea5e4c8f25e7e0de8.js",
        "/5277.d59883a5463af55e4840.js",
        "/5503.a4552054b7a4fa83d3bf.js",
        "/564.d55c95db4a514e5435ed.js",
        "/5650.5e93724b3a4546c3b8ad.js",
        "/5689.cc99d63aec820a356781.js",
        "/5769.df923a10810aa8818076.js",
        "/5830.dab4d6133902be301f82.js",
        "/5875.3b25f3c87ea316725d25.js",
        "/5897.611ef90e272cae908a64.js",
        "/592.dce79382d94e27fdbf81.js",
        "/5982.63f7674de23faaca0b56.js",
        "/6034.71363edb7c088469b4aa.js",
        "/6108.7245a3cd83d90f81f24f.js",
        "/6164.6299d7d605ad82d6cc46.js",
        "/6272.ef7c497ae8d6c592eee2.js",
        "/6471.a874be1b0954d951fec9.js",
        "/6525.1cb0c37da9127e715034.js",
        "/6638.ae7cac189399b86fdda4.js",
        "/6880.178da23c98f7c2036de4.js",
        "/6911.26c1eb18bb27fb3d247e.js",
        "/7110.8206960db0eb7fdffa5d.js",
        "/7162.bf2ae7d4ae0b5c3d9f24.js",
        "/7321.10ecc8bce1b8bf250f66.js",
        "/7355.cde6f9bb2852c6914999.js",
        "/7380.39024607e747090c3445.js",
        "/74.cc4c71535a0d2fa3749c.js",
        "/7509.0fd7aa977aef134c6f4b.js",
        "/7522.deb4cb10b699ce644c05.js",
        "/7536.2fbd7233dd610ff8ed37.js",
        "/7626.04a88f521095853021dc.js",
        "/7757.16d80641ce306bb72c0e.js",
        "/7802.c7be8672d30f260140d0.js",
        "/7895.4a8654ee5d8e71b127ea.js",
        "/7896.229ac24fe642a277534e.js",
        "/7915.76710dc95d275fd9c614.js",
        "/7947.46750af5600b8fcbeef9.js",
        "/801.b78fc3fa77db13d4a1f1.js",
        "/8056.9a1c22d25d85dea4b416.js",
        "/8359.b0c042b08c942dd6b209.js",
        "/8588.585658c255ee716c36af.js",
        "/862.cdda72e04b9e69fe2487.js",
        "/8695.3b50e3b37961042a762e.js",
        "/8708.9aa3806bdf68945d286a.js",
        "/8820.01921aaed927b0299a95.js",
        "/8837.df64031fd38e6d446925.js",
        "/8841.9b54d65ba0fa6e4a16e1.js",
        "/9072.3ae23f64edbe79265f32.js",
        "/9222.50d42ceabbde949d700a.js",
        "/937.9339f77446643ca3689c.js",
        "/9678.6351160bcc5a9de33ddf.js",
        "/971.05fa04e9d32b0f05826e.js",
        "/9888.fe4f385be65e463db5df.js",
        "/9891.bc331ec588562356a29b.js",
        "/9921.46512f85f054acdc605f.js",
        "/common.b4e7d3562c214c2bc45e.js",
        "/index.html",
        "/main.667794ec31c1fe93d3a7.js",
        "/manifest.webmanifest",
        "/polyfills-core-js.f920306be6a63389bd2d.js",
        "/polyfills-dom.2efd4556079c079c3f54.js",
        "/polyfills.75e3fb5e3f468a1ee223.js",
        "/runtime.b1233f8852fdadae445f.js",
        "/scripts.3a7e8cfbe7165b9ebd62.js",
        "/styles.cdb1864d924cffb45d8b.css"
      ],
      "patterns": []
    },
    {
      "name": "assets",
      "installMode": "lazy",
      "updateMode": "prefetch",
      "cacheQueryOptions": {
        "ignoreVary": true
      },
      "urls": [
        "/assets/home/delivery.svg",
        "/assets/home/home.svg",
        "/assets/home/maintenance.png",
        "/assets/home/map.svg",
        "/assets/home/route.png",
        "/assets/icon/favicon.png",
        "/assets/icons/bug.svg",
        "/assets/icons/delivery-box.svg",
        "/assets/icons/delivery-man.svg",
        "/assets/icons/delivery-time.svg",
        "/assets/icons/delivery-truck.svg",
        "/assets/icons/distance.svg",
        "/assets/icons/gmail.svg",
        "/assets/icons/icon-128x128.png",
        "/assets/icons/icon-144x144.png",
        "/assets/icons/icon-152x152.png",
        "/assets/icons/icon-192x192.png",
        "/assets/icons/icon-384x384.png",
        "/assets/icons/icon-512x512.png",
        "/assets/icons/icon-72x72.png",
        "/assets/icons/icon-96x96.png",
        "/assets/icons/location.png",
        "/assets/icons/location.svg",
        "/assets/icons/logo_menu.png",
        "/assets/icons/logout.svg",
        "/assets/icons/shield.svg",
        "/assets/icons/shipped.svg",
        "/assets/icons/shops.png",
        "/assets/icons/store.png",
        "/assets/icons/store.svg",
        "/assets/icons/user-info.svg",
        "/assets/icons/user.svg",
        "/assets/islena.png",
        "/assets/login/islena.png",
        "/assets/login/track.svg",
        "/assets/mapas/drag.svg",
        "/assets/mapas/expand.svg",
        "/assets/mapas/map-marker.svg",
        "/assets/mapas/settings.svg",
        "/assets/png/customer-service.svg",
        "/assets/png/receipt.png",
        "/assets/png/return.svg",
        "/assets/shapes.svg",
        "/assets/svgs/delivery-truck.svg",
        "/assets/svgs/search.svg",
        "/assets/test.json"
      ],
      "patterns": []
    }
  ],
  "dataGroups": [],
  "hashTable": {
    "/1191.212dbcfb96d9de204e56.js": "58fb14f43d8b9bb688fc0e9ae13feec2c94fe86d",
    "/1228.73f4453d43f23ecc5495.js": "2a69cb01f2fbf830e0130913a3162f4a18e6af90",
    "/1349.d1502e62d848bb45e866.js": "1ca2c1e4371e49fd393fdd222c70807f8c1addb4",
    "/1374.2d3230e230f089601519.js": "111572476081c9ab3e1e35789638a224163037b2",
    "/1385.35db0c9e0dca83e29359.js": "b17c3c01f47f8fe6773fb44ec99689bf33861aab",
    "/1489.578210204027f182e32c.js": "4d5fd86af2bffc76005687cf16027348b64e0a78",
    "/151.14949d26af59d0380579.js": "b4dd99fbca09bc0989bfe0dec6407c8f0addb347",
    "/1518.8ea6db2c65bf8259fca7.js": "57b1a8f39984c4b029daa836ce169992e394abdf",
    "/1602.e175894c2e695b11db88.js": "637746f60c5a7512519fb319bbaabfe776cd8b46",
    "/1700.5a37340dd91176b39ebf.js": "2aeff7b3722a95b74f07fd279f5d8cc7f3fce698",
    "/1709.7962e2166b24620bbc77.js": "e34682aad5622c92d0ec6d0df188e413251e3e8e",
    "/1799.aecdfe9045276eb9b88e.js": "28fd1724a12006d37438986db91aba3a1d91af82",
    "/1855.b121fdbe744e0cf3f51d.js": "74b1a5c77e5d21f74566811b1ed9019fa21270c4",
    "/2191.d25d2927b3a39b8d5ba9.js": "925258407113015f8663d887e69ff12607aec6dd",
    "/27.8312155cb4e84dd6643f.js": "9f8039a0ce33526b2c78924e24e2236a23f35a9b",
    "/2728.2204bf46070f03e81d2f.js": "a5a8270a151be937b1a75e6c119c96c658609d1d",
    "/288.065817fb2ba0a7073925.js": "bbfaf34ac14d77237558faf39531349a6a1a6a1a",
    "/305.1c9df4c50957f08323fe.js": "2de5f804beae82f272ccf4a1f8dd676d034f827a",
    "/3087.aeb7d15e47c7d8fe7e3a.js": "58adf0c5b5370328b287db1280accaef70b510de",
    "/3122.7c60177023876b4a0ae5.js": "193a59c7cfc8614bf754002b1898df64e434f92c",
    "/3206.21372e2fd6eec00035d3.js": "1fc42b1e648d6bfbbfce1f0909962bde6a10b44b",
    "/3387.9d21df81d4d0bbd532b8.js": "183d6cdd32605e0f94f9567d2d5181c6005ab6b2",
    "/3527.cfbb652705ca029fd575.js": "f7b50303ad62a6fa83bbf8096a285f7c6ac9d53b",
    "/3713.b375354c9f46ee16848e.js": "2e02f39f6f55bc7aa08d47ae04ea1a2035e72dc6",
    "/392.2815d982713c3dbe3dd3.js": "ae876782dec21945e79873357456462f9158e469",
    "/4143.22b665814db645d5b8d5.js": "09636cba602ab38d94ade3fa3d6ebbe1b1be4d72",
    "/4172.32d107986da5dbefc346.js": "83b795416b7bb830e1943b4798c2398c2fb0b6ca",
    "/4195.240f3b228cd341df3d7f.js": "07876b22fed0292b845ebad009abf8a30a98324b",
    "/431.12bbfb8ca43b8cd475ed.js": "16e5405eab8a8f1a1fb1b08241af095974a3119b",
    "/4347.21462160e285ed1ffbc8.js": "75ec316ee07cb9f7e8843504606d3b13de159ed5",
    "/4355.6c81e17bf7fe4f2ed21c.js": "296ae5a8e20b21f75c0d2373731c1cb9485b160a",
    "/4436.8a799a367d07d9e6b9cc.js": "9b7c1f84886c725d1ccbcd1d8de7ecb989f9b8f7",
    "/4513.f78ce2f1cf0bf15d515a.js": "7a0e187faf3e426dd6d7e149a7d79d87b0812118",
    "/4694.15e0b4f4ac679ec8e863.js": "035a3016cea26a6eccfa28817da19411d1eee964",
    "/4762.f9318416f3251f4cda6c.js": "a1bf26e570faff8788e583835e800f551c6185c9",
    "/5043.fb47cdfbe97197f47edd.js": "0e91eda5f46c6bc508b6a33e6ae98fce21e74c78",
    "/5174.678d0586e320a7a1ebd9.js": "923595b608d24a2b0d09371352afbb198d0fde0f",
    "/5234.ea9ea5e4c8f25e7e0de8.js": "15d59f23291afae960da9c3f0003d884f56f313c",
    "/5277.d59883a5463af55e4840.js": "fe4e265950c8ef153191dac92c37f417998e117c",
    "/5503.a4552054b7a4fa83d3bf.js": "53b8d462c56c9287beb9796ebac10fac9bbc8ab7",
    "/564.d55c95db4a514e5435ed.js": "b4e750f203f736c762ca5ece58cd5f9c510839be",
    "/5650.5e93724b3a4546c3b8ad.js": "7e9688340051fa93d15def254b906297fecf15fc",
    "/5689.cc99d63aec820a356781.js": "aa0d846d56158a088bcb1098444f5f73b4f4e1d0",
    "/5769.df923a10810aa8818076.js": "65a608a0c90deaa3324258c7aebf26e4710a141b",
    "/5830.dab4d6133902be301f82.js": "9d44eb4b89a02fcca6729e4e7418588a9d1a3aa4",
    "/5875.3b25f3c87ea316725d25.js": "3d7f61d63724751e656d11ac6ff94379c4671a01",
    "/5897.611ef90e272cae908a64.js": "16df30524e9be62b611d53180d7d165701e0eebc",
    "/592.dce79382d94e27fdbf81.js": "97fedc55b370addf0f6d1903b075a8a44ff0c88e",
    "/5982.63f7674de23faaca0b56.js": "cc9311a2fe06c3761790b8ea5c11fb998809af62",
    "/6034.71363edb7c088469b4aa.js": "521189d24e9d5c002dd870ee18a4bac69aee95ba",
    "/6108.7245a3cd83d90f81f24f.js": "546a3887f97b27be1cbdc669d9c51a51d9ff01bd",
    "/6164.6299d7d605ad82d6cc46.js": "e1605441bfc7e2f9a43fe46bfd14eb9228012a03",
    "/6272.ef7c497ae8d6c592eee2.js": "75505897bd5d6bb27472d164311443ad30c2025f",
    "/6471.a874be1b0954d951fec9.js": "a60445170741f63be7670a89de99cccff2262907",
    "/6525.1cb0c37da9127e715034.js": "6070d2ed4cb9f89cccdd095848883ef673a95600",
    "/6638.ae7cac189399b86fdda4.js": "9dbc4382e6a08c6e9f89c0b21bb345f6397d30aa",
    "/6880.178da23c98f7c2036de4.js": "3476100435a51d4b6bc663f208aecec72ff32c2b",
    "/6911.26c1eb18bb27fb3d247e.js": "7048dac32be228b1cbe7900628d93d62a5d3db78",
    "/7110.8206960db0eb7fdffa5d.js": "2a4f0aa77989addd4d08902f2cd29159ad01a18e",
    "/7162.bf2ae7d4ae0b5c3d9f24.js": "809e3adfe2ebef10997fe1f048ec45033dd015eb",
    "/7321.10ecc8bce1b8bf250f66.js": "8f31b6a4d1c46379a8ae7298b243e5063bb70d88",
    "/7355.cde6f9bb2852c6914999.js": "c17f3517d6fd3104909e0f8fbd09bebd9493d0d9",
    "/7380.39024607e747090c3445.js": "89576953dfda14d6640cd65fc0b1528031e15407",
    "/74.cc4c71535a0d2fa3749c.js": "13a416c173e438063afb60d94a1d10e8fa39e306",
    "/7509.0fd7aa977aef134c6f4b.js": "e630f528700a2e0352b3376f52629016a454f97b",
    "/7522.deb4cb10b699ce644c05.js": "18c479c92928f870d5beeb18862acf89937147f9",
    "/7536.2fbd7233dd610ff8ed37.js": "f5201815cceae4da1f27ba6d678ce53119749c59",
    "/7626.04a88f521095853021dc.js": "9e44345875e2c77128535d25af6bad80ab47ae36",
    "/7757.16d80641ce306bb72c0e.js": "363069e38635f69d1501039cdf7d89b7ccc277ae",
    "/7802.c7be8672d30f260140d0.js": "2308307ac796130b12289988b5d979fa68bddcd6",
    "/7895.4a8654ee5d8e71b127ea.js": "82cd22fc8bc63c49dfbe042b5f71346dbc31ec9a",
    "/7896.229ac24fe642a277534e.js": "1b1726290e9b0cff5bb722f83a66fcc47c50d868",
    "/7915.76710dc95d275fd9c614.js": "452c3443166eeed3c17bfa90cc1e0f01a03276f1",
    "/7947.46750af5600b8fcbeef9.js": "8399b18bfd9d6e261b361606142d3f8fe32680a6",
    "/801.b78fc3fa77db13d4a1f1.js": "696c74c1c566bddad0af5cb8f81035491f1357ab",
    "/8056.9a1c22d25d85dea4b416.js": "6ea6f2b5750ad7340e274aa71c7d10dae83abf7b",
    "/8359.b0c042b08c942dd6b209.js": "5ef7e705b881db31475ad500af4ddac29194ed7c",
    "/8588.585658c255ee716c36af.js": "dc091d4e9a2e8b4b750fbaa796b531218791b012",
    "/862.cdda72e04b9e69fe2487.js": "7ef48c412ddfdf58bc7dbb73feabb005c410d4b4",
    "/8695.3b50e3b37961042a762e.js": "809fa828100bc7177a5b02b70c5a7b069bf26733",
    "/8708.9aa3806bdf68945d286a.js": "8aa0a367750da4a1728bace768640a9d80853415",
    "/8820.01921aaed927b0299a95.js": "e826abf919b4da8793cb0b7ecd76fe769870a4f6",
    "/8837.df64031fd38e6d446925.js": "a1f2cbbb68b4939322ff40e719fadcd8d8747f1a",
    "/8841.9b54d65ba0fa6e4a16e1.js": "0cb7dc9b266af7df5a64317206a66d1abc8f68f6",
    "/9072.3ae23f64edbe79265f32.js": "5aacb1a6010e3ab7630b0e9df522ddf95d1ca548",
    "/9222.50d42ceabbde949d700a.js": "17490391f83bda2feba23118f121229cfcd88b4d",
    "/937.9339f77446643ca3689c.js": "64503fad61db2246f48c9b00b57b55525e831e48",
    "/9678.6351160bcc5a9de33ddf.js": "7ca7c2a639cab60b586d226c23149054bb2a4893",
    "/971.05fa04e9d32b0f05826e.js": "1ab895ae2ece03049047a373072baf0d7fce47c3",
    "/9888.fe4f385be65e463db5df.js": "8288e9e6f0dd98150a96741556764640a4e98fe5",
    "/9891.bc331ec588562356a29b.js": "2e9a914bcf9d1afab16a052f2803e173f6453300",
    "/9921.46512f85f054acdc605f.js": "3b6f22aabb03022414a551aa0560d84b8e98bc97",
    "/assets/home/delivery.svg": "4dfd45f677c5e9144965b956fd6479aeaf471cea",
    "/assets/home/home.svg": "2d9ddbf6e56246b8dae19292bd2628e012709ca4",
    "/assets/home/maintenance.png": "1a785c652c4ea73fc2e293a6b63883b45579ea93",
    "/assets/home/map.svg": "5bcbbe833a3492e04697d76c105593ed7d6e1f12",
    "/assets/home/route.png": "173b6926f8ffe3418cfb4c8e9746183556a85664",
    "/assets/icon/favicon.png": "7798b8e0eb61d7375c245af78bbf5c916932bf13",
    "/assets/icons/bug.svg": "a1071e9ed5f1d51ecc4ddf29bed71ed9de93a604",
    "/assets/icons/delivery-box.svg": "360fddb5a104ed28340d854c134ca68ee90ccb71",
    "/assets/icons/delivery-man.svg": "7183857fa767d7345ca4f7da0734edefb754ac14",
    "/assets/icons/delivery-time.svg": "f2d4abf283f528433e132a855fadeaf16e2e463f",
    "/assets/icons/delivery-truck.svg": "bba8c7832c45c5f3538f009dc3deb4f0d14ea693",
    "/assets/icons/distance.svg": "5d03dafda533ce30348dcbaf3dddd6dfa9b73ff5",
    "/assets/icons/gmail.svg": "cf7e34ca04339f49843a35f2ebadf40cf7e18e83",
    "/assets/icons/icon-128x128.png": "dae3b6ed49bdaf4327b92531d4b5b4a5d30c7532",
    "/assets/icons/icon-144x144.png": "b0bd89982e08f9bd2b642928f5391915b74799a7",
    "/assets/icons/icon-152x152.png": "7479a9477815dfd9668d60f8b3b2fba709b91310",
    "/assets/icons/icon-192x192.png": "1abd80d431a237a853ce38147d8c63752f10933b",
    "/assets/icons/icon-384x384.png": "329749cd6393768d3131ed6304c136b1ca05f2fd",
    "/assets/icons/icon-512x512.png": "559d9c4318b45a1f2b10596bbb4c960fe521dbcc",
    "/assets/icons/icon-72x72.png": "c457e56089a36952cd67156f9996bc4ce54a5ed9",
    "/assets/icons/icon-96x96.png": "3914125a4b445bf111c5627875fc190f560daa41",
    "/assets/icons/location.png": "f708b69345155de0f8094afcc864b9bc394320d0",
    "/assets/icons/location.svg": "ca48e62a2d33083ec9eec0ea76e17c3430ac46da",
    "/assets/icons/logo_menu.png": "cafb113161af0a46a71afcec1c75847308fcaf1b",
    "/assets/icons/logout.svg": "6091e05a08159540b085c721fa580cb3904afc26",
    "/assets/icons/shield.svg": "8d7ae0a24309ac042162ee677b0671bc484abca9",
    "/assets/icons/shipped.svg": "6001ea087894ca67278a86308c17fb8334092be2",
    "/assets/icons/shops.png": "1156b28a3b58151fe2b4adbf820708a9817e66ba",
    "/assets/icons/store.png": "c0f7ecedd3c57072dea932d45f42ca5849934b33",
    "/assets/icons/store.svg": "3d100d543371e1ada84299279e4b2c21291b0f2e",
    "/assets/icons/user-info.svg": "cb8c037fa395d3528965563a8b91e3df634fdce0",
    "/assets/icons/user.svg": "c0841b05c1616182581a9e8ba360ee93795ebfd3",
    "/assets/islena.png": "06c96bef18c98ef8051ba4dcd1bf5336c4cfb9f4",
    "/assets/login/islena.png": "06c96bef18c98ef8051ba4dcd1bf5336c4cfb9f4",
    "/assets/login/track.svg": "ba43aff6fa0f02da93de80dd6e80b2b1cbc45abd",
    "/assets/mapas/drag.svg": "a8513a52ca72218580c34768f9634c58f62e609c",
    "/assets/mapas/expand.svg": "d51d8eca587a88b4bcccd96e065102572002a55a",
    "/assets/mapas/map-marker.svg": "2afb7fc999c2e3e1ec87b9cabe28a013c635b383",
    "/assets/mapas/settings.svg": "8ef0f2baff8d3fd63db82d94dc90bda755b83168",
    "/assets/png/customer-service.svg": "a785fb20cf594e3be0b3b34691e558428faa4da7",
    "/assets/png/receipt.png": "890df59c2b7497681076b4f957bcc2e0eb2733c5",
    "/assets/png/return.svg": "dde8b16bb0bd59d032ff6a55b57b62c40e25f868",
    "/assets/shapes.svg": "638f87e27e6fc7ddfd6e6b262ea70d690f6c7011",
    "/assets/svgs/delivery-truck.svg": "dbb00b5f64d4b4585c6096d8120c7b4491684eed",
    "/assets/svgs/search.svg": "0a9343fe973589bc6519919925f5d89dcf36e4a5",
    "/assets/test.json": "da39a3ee5e6b4b0d3255bfef95601890afd80709",
    "/common.b4e7d3562c214c2bc45e.js": "3da23c78468a298bd6d4d5ef20146e55439f1a60",
    "/index.html": "5eec2c3b2cd3dd9ac491d5de57945e7e30246037",
    "/main.667794ec31c1fe93d3a7.js": "7af8e1175a4aa57433f56208a5d37c96ac40c8e6",
    "/manifest.webmanifest": "da2061dba175bf2d881980e8596ff5343e2dd7b6",
    "/polyfills-core-js.f920306be6a63389bd2d.js": "611c819a535f5ba8e8076ff9529a0561c028c06a",
    "/polyfills-dom.2efd4556079c079c3f54.js": "2fbc1f9d0466442f470271f630830a61dfc0a424",
    "/polyfills.75e3fb5e3f468a1ee223.js": "d1ecdaa810794ccf6e1bd93d69a3e3f3e55f31fc",
    "/runtime.b1233f8852fdadae445f.js": "4204f3401b610f45a2b0c74451d7b4881671c2c4",
    "/scripts.3a7e8cfbe7165b9ebd62.js": "c2ca5c1e5c2af3911440f915c30ae4d4876292e8",
    "/styles.cdb1864d924cffb45d8b.css": "369eb7fe0ddea905e0b53271bbe8abe819e3ac77"
  },
  "navigationUrls": [
    {
      "positive": true,
      "regex": "^\\/.*$"
    },
    {
      "positive": false,
      "regex": "^\\/(?:.+\\/)?[^/]*\\.[^/]*$"
    },
    {
      "positive": false,
      "regex": "^\\/(?:.+\\/)?[^/]*__[^/]*$"
    },
    {
      "positive": false,
      "regex": "^\\/(?:.+\\/)?[^/]*__[^/]*\\/.*$"
    }
  ],
  "navigationRequestStrategy": "performance"
}